adduser	3.134	adduser	3.134
base-files	12.4+deb12u15	base-files	12.4+deb12u15
base-passwd	3.6.1	base-passwd	3.6.1
bash	5.2.15-2+b13	bash	5.2.15-2
ca-certificates	20250419~deb12u1	ca-certificates	20250419~deb12u1
coreutils	9.1-1	coreutils	9.1-1
dash	0.5.12-2	dash	0.5.12-2
debconf	1.5.82	debconf	1.5.82
debian-archive-keyring	2023.3+deb12u2	debian-archive-keyring	2023.3+deb12u2
debianutils	5.7-0.5~deb12u1	debianutils	5.7-0.5~deb12u1
diffutils	1:3.8-4	diffutils	1:3.8-4
dpkg	1.21.23	dpkg	1.21.23
findutils	4.9.0-4	findutils	4.9.0-4
gcc-12-base:amd64	12.2.0-14+deb12u1	gcc-12	12.2.0-14+deb12u1
gpgv	2.2.40-1.1+deb12u2	gnupg2	2.2.40-1.1+deb12u2
grep	3.8-5	grep	3.8-5
gzip	1.13-1+deb13u1+tealbrick1~bpo12	gzip	1.13-1+deb13u1+tealbrick1~bpo12
hostname	3.23+nmu1	hostname	3.23+nmu1
init-system-helpers	1.65.2+deb12u1	init-system-helpers	1.65.2+deb12u1
libacl1:amd64	2.4.0-1+tealbrick1~bpo12	acl	2.4.0-1+tealbrick1~bpo12
libattr1:amd64	1:2.5.1-4	attr	1:2.5.1-4
libaudit-common	1:3.0.9-1	audit	1:3.0.9-1
libaudit1:amd64	1:3.0.9-1	audit	1:3.0.9-1
libbz2-1.0:amd64	1.0.8-5+b1	bzip2	1.0.8-5
libc-bin	2.36-9+deb12u14	glibc	2.36-9+deb12u14
libc6:amd64	2.36-9+deb12u14	glibc	2.36-9+deb12u14
libcap-ng0:amd64	0.8.3-1+b3	libcap-ng	0.8.3-1
libcap2:amd64	1:2.66-4+deb12u3+b1	libcap2	1:2.66-4+deb12u3
libcom-err2:amd64	1.47.0-2+b2	e2fsprogs	1.47.0-2
libcrypt1:amd64	1:4.4.33-2	libxcrypt	1:4.4.33-2
libdb5.3:amd64	5.3.28+dfsg2-1	db5.3	5.3.28+dfsg2-1
libdebconfclient0:amd64	0.270	cdebconf	0.270
libext2fs2:amd64	1.47.0-2+b2	e2fsprogs	1.47.0-2
libffi8:amd64	3.4.4-1	libffi	3.4.4-1
libgcc-s1:amd64	12.2.0-14+deb12u1	gcc-12	12.2.0-14+deb12u1
libgcrypt20:amd64	1.10.1-3+deb12u1	libgcrypt20	1.10.1-3+deb12u1
libgmp10:amd64	2:6.2.1+dfsg1-1.1	gmp	2:6.2.1+dfsg1-1.1
libgnutls30:amd64	3.7.9-2+deb12u7	gnutls28	3.7.9-2+deb12u7
libgpg-error0:amd64	1.46-1	libgpg-error	1.46-1
libhogweed6:amd64	3.8.1-2	nettle	3.8.1-2
libidn2-0:amd64	2.3.3-1+b1	libidn2	2.3.3-1
liblz4-1:amd64	1.9.4-1	lz4	1.9.4-1
liblzma5:amd64	5.4.1-1+deb12u2	xz-utils	5.4.1-1+deb12u2
libmd0:amd64	1.0.4-2	libmd	1.0.4-2
libnettle8:amd64	3.8.1-2	nettle	3.8.1-2
libp11-kit0:amd64	0.24.1-2	p11-kit	0.24.1-2
libpam-modules:amd64	1.5.2-6+deb12u2	pam	1.5.2-6+deb12u2
libpam-modules-bin	1.5.2-6+deb12u2	pam	1.5.2-6+deb12u2
libpam-runtime	1.5.2-6+deb12u2	pam	1.5.2-6+deb12u2
libpam0g:amd64	1.5.2-6+deb12u2	pam	1.5.2-6+deb12u2
libpcre2-8-0:amd64	10.42-1+deb12u1	pcre2	10.42-1+deb12u1
libseccomp2:amd64	2.5.4-1+deb12u1	libseccomp	2.5.4-1+deb12u1
libselinux1:amd64	3.4-1+b6	libselinux	3.4-1
libsemanage-common	3.4-1	libsemanage	3.4-1
libsemanage2:amd64	3.4-1+b5	libsemanage	3.4-1
libsepol2:amd64	3.4-2.1	libsepol	3.4-2.1
libss2:amd64	1.47.0-2+b2	e2fsprogs	1.47.0-2
libssl3:amd64	3.0.22-1~deb12u1	openssl	3.0.22-1~deb12u1
libstdc++6:amd64	12.2.0-14+deb12u1	gcc-12	12.2.0-14+deb12u1
libtasn1-6:amd64	4.19.0-2+deb12u1	libtasn1-6	4.19.0-2+deb12u1
libtinfo6:amd64	6.4-4	ncurses	6.4-4
libunistring2:amd64	1.0-2	libunistring	1.0-2
libxxhash0:amd64	0.8.1-1	xxhash	0.8.1-1
libzstd1:amd64	1.5.4+dfsg2-5	libzstd	1.5.4+dfsg2-5
login	1:4.13+dfsg1-1+deb12u2	shadow	1:4.13+dfsg1-1+deb12u2
logsave	1.47.0-2+b2	e2fsprogs	1.47.0-2
mawk	1.3.4.20200120-3.1	mawk	1.3.4.20200120-3.1
ncurses-base	6.4-4	ncurses	6.4-4
openssl	3.0.22-1~deb12u1	openssl	3.0.22-1~deb12u1
passwd	1:4.13+dfsg1-1+deb12u2	shadow	1:4.13+dfsg1-1+deb12u2
sed	4.9-1+deb12u1	sed	4.9-1+deb12u1
sysvinit-utils	3.06-4	sysvinit	3.06-4
tar	1.35+dfsg-3.1+tealbrick1~bpo12	tar	1.35+dfsg-3.1+tealbrick1~bpo12
tzdata	2026c-0+deb12u1	tzdata	2026c-0+deb12u1
usr-is-merged	37~deb12u1	usrmerge	37~deb12u1
zlib1g:amd64	1:1.2.13.dfsg-1	zlib	1:1.2.13.dfsg-1
